{
  "train_loss": 0.25734370946884155,
  "val_loss": 0.2619490921497345,
  "test_loss": 0.255744919819248,
  "train_acc": 0.884801875,
  "val_acc": 0.88135,
  "test_acc": 0.88685
}