{
  "train_loss": 0.25714064911007883,
  "val_loss": 0.26100191473960876,
  "test_loss": 0.2554815641300811,
  "train_acc": 0.88476875,
  "val_acc": 0.88245,
  "test_acc": 0.886
}