{
  "train_loss": 0.2571754589676857,
  "val_loss": 0.26021888852119446,
  "test_loss": 0.2703736699440706,
  "train_acc": 0.88531125,
  "val_acc": 0.88355,
  "test_acc": 0.88035
}