{
  "train_loss": 0.25643069893121717,
  "val_loss": 0.26026469469070435,
  "test_loss": 0.2538958528038129,
  "train_acc": 0.88508375,
  "val_acc": 0.8841,
  "test_acc": 0.89045
}