{
  "train_loss": 0.25819654688239096,
  "val_loss": 0.26059287786483765,
  "test_loss": 0.24895357684389455,
  "train_acc": 0.884334375,
  "val_acc": 0.8825,
  "test_acc": 0.89
}