{
  "train_loss": 0.2570053033530712,
  "val_loss": 0.2605333924293518,
  "test_loss": 0.2537509992169471,
  "train_acc": 0.884616875,
  "val_acc": 0.8832,
  "test_acc": 0.88905
}