{
  "train_loss": 0.25735867843031884,
  "val_loss": 0.26131585240364075,
  "test_loss": 0.26838831578846295,
  "train_acc": 0.884790625,
  "val_acc": 0.88165,
  "test_acc": 0.88025
}