{
  "train_loss": 0.2574923448264599,
  "val_loss": 0.260662317276001,
  "test_loss": 0.25130130753416596,
  "train_acc": 0.88497875,
  "val_acc": 0.88255,
  "test_acc": 0.8922
}