{
  "train_loss": 0.2575455829501152,
  "val_loss": 0.26161515712738037,
  "test_loss": 0.24034944118923157,
  "train_acc": 0.884441875,
  "val_acc": 0.88185,
  "test_acc": 0.89395
}