{
  "train_loss": 0.25682401806116106,
  "val_loss": 0.26068511605262756,
  "test_loss": 0.26085949368120054,
  "train_acc": 0.884814375,
  "val_acc": 0.88115,
  "test_acc": 0.8816
}