{
    "elman_perceptual": {
        "train_loss": [
            0.7700627043843269,
            0.694220831990242,
            0.694189938902855,
            0.6937464118003845,
            0.6936724096536636,
            0.6934561774134635,
            0.6934179544448853,
            0.6936349302530289,
            0.6932073011994362,
            0.6928645506501198,
            0.6961678892374039,
            0.6936715140938758,
            0.6930160105228425,
            0.6928423389792442,
            0.6922746285796165,
            0.6967596739530564,
            0.6942589670419693,
            0.6933850750327111,
            0.6934346288442612,
            0.6933152362704277,
            0.6933602049946785,
            0.6936623483896256,
            0.6933354869484901,
            0.6934497401118278,
            0.6932420343160629
        ],
        "val_loss": [
            0.6953843235969543,
            0.6940692663192749,
            0.6934276223182678,
            0.6943000555038452,
            0.6942091584205627,
            0.6931913495063782,
            0.6938425302505493,
            0.6939254403114319,
            0.6941840052604675,
            0.6939329504966736,
            0.6949065327644348,
            0.6931054592132568,
            0.6927416920661926,
            0.6926171779632568,
            0.6909918189048767,
            0.6954876780509949,
            0.6934024095535278,
            0.6932213306427002,
            0.6947733163833618,
            0.6942974925041199,
            0.6930903792381287,
            0.6930606365203857,
            0.693062961101532,
            0.6931286454200745,
            0.6939728260040283
        ]
    },
    "elman_context": {
        "train_loss": [
            0.7492297008633614,
            0.6941919133067131,
            0.6937923729419708,
            0.6936405837535858,
            0.6935679256916046,
            0.6935979649424553,
            0.6936189830303192,
            0.6936261847615242,
            0.6938471421599388,
            0.693306203186512,
            0.6940125390887261,
            0.6932693585753441,
            0.6937464013695717,
            0.6933733075857162,
            0.6932256475090981,
            0.6936110064387322,
            0.6941161632537842,
            0.6937899947166443,
            0.6932313725352287,
            0.6930229485034942,
            0.6934096857905387,
            0.69508748203516,
            0.6931300967931747,
            0.6935099020600319,
            0.6932317554950714,
            0.6931386530399323,
            0.6931106999516488,
            0.692843733727932,
            0.6927618354558944,
            0.7062514662742615,
            0.7120970085263252,
            0.6932954311370849,
            0.6932823985815049,
            0.6932173624634743,
            0.6932521715760231,
            0.6932953357696533,
            0.693203417956829,
            0.6930375754833221,
            0.6911264151334763
        ],
        "val_loss": [
            0.6973329782485962,
            0.6938503384590149,
            0.6933661699295044,
            0.6949686408042908,
            0.6937244534492493,
            0.6934388875961304,
            0.6937610507011414,
            0.6932494044303894,
            0.6931313276290894,
            0.6931079030036926,
            0.6932703256607056,
            0.693225622177124,
            0.693169355392456,
            0.6931350231170654,
            0.6931774616241455,
            0.6978545188903809,
            0.6946974396705627,
            0.692943274974823,
            0.6929999589920044,
            0.6955930590629578,
            0.7169165015220642,
            0.6929417252540588,
            0.6935516595840454,
            0.693153440952301,
            0.6929561495780945,
            0.6927880644798279,
            0.692855179309845,
            0.692649245262146,
            0.6925274133682251,
            0.8013705611228943,
            0.6932506561279297,
            0.6933599710464478,
            0.6931920647621155,
            0.6930800080299377,
            0.6930304765701294,
            0.6930875778198242,
            0.6932206749916077,
            0.6925880908966064,
            0.6930590271949768
        ]
    },
    "ctrnn_perceptual": {
        "train_loss": [
            0.6314208835363389,
            0.33567052483558657,
            0.27385899275541303,
            0.2708663117140532,
            0.2695490051060915,
            0.27991052642464637,
            0.2666623633354902,
            0.2638945333659649,
            0.26388352550566196,
            0.2628432743251324,
            0.2620153047144413,
            0.2612047720700502,
            0.2600356683135033,
            0.26740812286734583,
            0.2587757185101509,
            0.2577422458678484,
            0.2627115335315466,
            0.261697680875659,
            0.2584493637084961,
            0.2570778220891953,
            0.2573091760277748,
            0.25872083827853204,
            0.26195805370807645,
            0.26037476658821107,
            0.2680333524942398,
            0.25753060840070247,
            0.25968559496104715,
            0.2636105988174677,
            0.26031088307499883
        ],
        "val_loss": [
            0.471819132566452,
            0.3007284700870514,
            0.2729329466819763,
            0.26939624547958374,
            0.2750236988067627,
            0.2877731919288635,
            0.2654230296611786,
            0.31026479601860046,
            0.2859591543674469,
            0.2637832462787628,
            0.26838719844818115,
            0.26500698924064636,
            0.2839413285255432,
            0.26818498969078064,
            0.26207706332206726,
            0.282004714012146,
            0.2685742676258087,
            0.2619352638721466,
            0.26047882437705994,
            0.2606976628303528,
            0.26727554202079773,
            0.2637709975242615,
            0.27218255400657654,
            0.29256489872932434,
            0.26242396235466003,
            0.27739325165748596,
            0.28689640760421753,
            0.26812097430229187,
            0.274734765291214
        ]
    },
    "ctrnn_context": {
        "train_loss": [
            0.6389082036912441,
            0.4422296151518822,
            0.3553679145872593,
            0.32365467250347135,
            0.29091100990772245,
            0.2892724134027958,
            0.28819095343351364,
            0.2866292208433151,
            0.2855831999331713,
            0.2861915104091167,
            0.27453268840909006,
            0.27982736974954603,
            0.2789975956082344,
            0.2803955525159836,
            0.2794835649430752,
            0.279830364137888,
            0.2793691009283066,
            0.2718717470765114,
            0.2701963700354099,
            0.27134774848818777,
            0.2776841789484024,
            0.29037581384181976,
            0.26899631321430206,
            0.2691631462424994,
            0.2800795890390873,
            0.2730517312884331,
            0.26744742393493653,
            0.27813383638858796,
            0.2671107672154903,
            0.2707118451595306,
            0.26481344029307363,
            0.2695349581539631,
            0.27255522459745407,
            0.271414415538311,
            0.26891021728515624,
            0.2687268227338791,
            0.2653193324804306,
            0.2652300365269184,
            0.26774524599313737,
            0.2656573995947838,
            0.2659313380718231,
            0.2692900877445936,
            0.26871620006859304,
            0.2664282754063606,
            0.26768360696732996,
            0.2635250438004732,
            0.2655056729912758,
            0.26394057944417,
            0.26769770830869677,
            0.2678128071129322
        ],