{
  "train_loss": 0.26392073929309845,
  "val_loss": 0.26866427063941956,
  "test_loss": 0.25841344034035135,
  "train_acc": 0.882154375,
  "val_acc": 0.8801,
  "test_acc": 0.89205
}