{
  "train_loss": 0.2634697541594505,
  "val_loss": 0.2688869535923004,
  "test_loss": 0.26394544644992857,
  "train_acc": 0.882558125,
  "val_acc": 0.88285,
  "test_acc": 0.88005
}