{
  "train_loss": 0.26557044088840487,
  "val_loss": 0.26979827880859375,
  "test_loss": 0.25590750815358476,
  "train_acc": 0.8814025,
  "val_acc": 0.87785,
  "test_acc": 0.8888
}