{
  "train_loss": 0.26194724887609483,
  "val_loss": 0.2668110132217407,
  "test_loss": 0.24231496342457104,
  "train_acc": 0.88297125,
  "val_acc": 0.8782,
  "test_acc": 0.8911
}