{
  "train_loss": 0.262098927795887,
  "val_loss": 0.26606637239456177,
  "test_loss": 0.2570924161988587,
  "train_acc": 0.883100625,
  "val_acc": 0.8816,
  "test_acc": 0.8886
}