{
  "train_loss": 0.2626439556479454,
  "val_loss": 0.2701660692691803,
  "test_loss": 0.2551854218922817,
  "train_acc": 0.8831775,
  "val_acc": 0.87755,
  "test_acc": 0.89085
}