{
  "train_loss": 0.26490586847066877,
  "val_loss": 0.26709645986557007,
  "test_loss": 0.2646525153003968,
  "train_acc": 0.881798125,
  "val_acc": 0.88045,
  "test_acc": 0.8819
}