{
  "train_loss": 0.2634203672409058,
  "val_loss": 0.26896390318870544,
  "test_loss": 0.2754264488045301,
  "train_acc": 0.882335625,
  "val_acc": 0.88155,
  "test_acc": 0.8791
}