{
  "train_loss": 0.2650394842028618,
  "val_loss": 0.2701459228992462,
  "test_loss": 0.2629393876671238,
  "train_acc": 0.88200125,
  "val_acc": 0.88015,
  "test_acc": 0.88415
}