{
  "train_loss": 0.26271211802959443,
  "val_loss": 0.27050507068634033,
  "test_loss": 0.2745754682223669,
  "train_acc": 0.88294625,
  "val_acc": 0.8799,
  "test_acc": 0.87835
}